{
  "id": "4094254",
  "name": "shopxo-web",
  "font_family": "iconfont",
  "css_prefix_text": "icon-",
  "description": "",
  "glyphs": [
    {
      "icon_id": "42759836",
      "name": "数据报表",
      "font_class": "report",
      "unicode": "e7d5",
      "unicode_decimal": 59349
    },
    {
      "icon_id": "42283685",
      "name": "电话-间隙",
      "font_class": "tel-gap",
      "unicode": "e7d1",
      "unicode_decimal": 59345
    },
    {
      "icon_id": "42283684",
      "name": "二维码-圆角",
      "font_class": "qrcode-round",
      "unicode": "e7d2",
      "unicode_decimal": 59346
    },
    {
      "icon_id": "42283683",
      "name": "购物车-实心",
      "font_class": "cart-solid",
      "unicode": "e7d3",
      "unicode_decimal": 59347
    },
    {
      "icon_id": "42283682",
      "name": "在线客服",
      "font_class": "online-service",
      "unicode": "e7d4",
      "unicode_decimal": 59348
    },
    {
      "icon_id": "42229647",
      "name": "右箭头-点点",
      "font_class": "arrow-right-point",
      "unicode": "e7d0",
      "unicode_decimal": 59344
    },
    {
      "icon_id": "7561087",
      "name": "域名",
      "font_class": "domain",
      "unicode": "e7cf",
      "unicode_decimal": 59343
    },
    {
      "icon_id": "5649465",
      "name": "链接",
      "font_class": "link",
      "unicode": "e603",
      "unicode_decimal": 58883
    },
    {
      "icon_id": "36874768",
      "name": "链接-圆角",
      "font_class": "link-round",
      "unicode": "e718",
      "unicode_decimal": 59160
    },
    {
      "icon_id": "41377695",
      "name": "送礼-细",
      "font_class": "gift-fine",
      "unicode": "e7ce",
      "unicode_decimal": 59342
    },
    {
      "icon_id": "39793709",
      "name": "省略",
      "font_class": "ellipsis",
      "unicode": "e635",
      "unicode_decimal": 58933
    },
    {
      "icon_id": "41254345",
      "name": "视频",
      "font_class": "video",
      "unicode": "e7cd",
      "unicode_decimal": 59341
    },
    {
      "icon_id": "41252740",
      "name": "布局-6",
      "font_class": "layout-6",
      "unicode": "e7cc",
      "unicode_decimal": 59340
    },
    {
      "icon_id": "41252744",
      "name": "布局1-3",
      "font_class": "layout-1-3",
      "unicode": "e7c7",
      "unicode_decimal": 59335
    },
    {
      "icon_id": "41252745",
      "name": "布局1-2",
      "font_class": "layout-1-2",
      "unicode": "e7c8",
      "unicode_decimal": 59336
    },
    {
      "icon_id": "41252743",
      "name": "布局2-1",
      "font_class": "layout-2-1",
      "unicode": "e7c9",
      "unicode_decimal": 59337
    },
    {
      "icon_id": "41252742",
      "name": "布局1-1",
      "font_class": "layout-1-1",
      "unicode": "e7ca",
      "unicode_decimal": 59338
    },
    {
      "icon_id": "41252739",
      "name": "布局-4",
      "font_class": "layout-4",
      "unicode": "e7cb",
      "unicode_decimal": 59339
    },
    {
      "icon_id": "41252749",
      "name": "布局-1-2-1",
      "font_class": "layout-1-2-1",
      "unicode": "e7c2",
      "unicode_decimal": 59330
    },
    {
      "icon_id": "41252748",
      "name": "layout-1",
      "font_class": "layout-1",
      "unicode": "e7c3",
      "unicode_decimal": 59331
    },
    {
      "icon_id": "41252747",
      "name": "布局-1-1-2",
      "font_class": "layout-1-1-2",
      "unicode": "e7c4",
      "unicode_decimal": 59332
    },
    {
      "icon_id": "41252741",
      "name": "布局-3",
      "font_class": "layout-3",
      "unicode": "e7c5",
      "unicode_decimal": 59333
    },
    {
      "icon_id": "41252746",
      "name": "布局3-1",
      "font_class": "layout-3-1",
      "unicode": "e7c6",
      "unicode_decimal": 59334
    },
    {
      "icon_id": "41252793",
      "name": "模块-辅助空白",
      "font_class": "layout-module-blank",
      "unicode": "e7ba",
      "unicode_decimal": 59322
    },
    {
      "icon_id": "41252792",
      "name": "删除-高",
      "font_class": "delete-tall",
      "unicode": "e7bb",
      "unicode_decimal": 59323
    },
    {
      "icon_id": "41252790",
      "name": "模块-单图",
      "font_class": "layout-module-single-images",
      "unicode": "e7bc",
      "unicode_decimal": 59324
    },
    {
      "icon_id": "41252791",
      "name": "模块-商品",
      "font_class": "layout-module-goods",
      "unicode": "e7bd",
      "unicode_decimal": 59325
    },
    {
      "icon_id": "41252789",
      "name": "模块-多图",
      "font_class": "layout-module-many-images",
      "unicode": "e7be",
      "unicode_decimal": 59326
    },
    {
      "icon_id": "41252788",
      "name": "编辑",
      "font_class": "edit-two",
      "unicode": "e7bf",
      "unicode_decimal": 59327
    },
    {
      "icon_id": "41252787",
      "name": "模块-标题",
      "font_class": "layout-module-title",
      "unicode": "e7c0",
      "unicode_decimal": 59328
    },
    {
      "icon_id": "41252786",
      "name": "布局2-1-1",
      "font_class": "layout-2-1-1",
      "unicode": "e7c1",
      "unicode_decimal": 59329
    },
    {
      "icon_id": "41252805",
      "name": "模块-自定义代码",
      "font_class": "layout-module-code",
      "unicode": "e7b1",
      "unicode_decimal": 59313
    },
    {
      "icon_id": "41252806",
      "name": "移除",
      "font_class": "remove",
      "unicode": "e7b2",
      "unicode_decimal": 59314
    },
    {
      "icon_id": "41252804",
      "name": "模块-图文",
      "font_class": "layout-module-images-text",
      "unicode": "e7b3",
      "unicode_decimal": 59315
    },
    {
      "icon_id": "41252803",
      "name": "替换",
      "font_class": "replace",
      "unicode": "e7b4",
      "unicode_decimal": 59316
    },
    {
      "icon_id": "41252802",
      "name": "拖拽",
      "font_class": "drag",
      "unicode": "e7b5",
      "unicode_decimal": 59317
    },
    {
      "icon_id": "41252801",
      "name": "双箭头右",
      "font_class": "icon-angle-right-twin",
      "unicode": "e7b6",
      "unicode_decimal": 59318
    },
    {
      "icon_id": "41252796",
      "name": "模块-辅助线",
      "font_class": "icon-layout-module-border",
      "unicode": "e7b7",
      "unicode_decimal": 59319
    },
    {
      "icon_id": "41252794",
      "name": "设置",
      "font_class": "setup-round",
      "unicode": "e7b8",
      "unicode_decimal": 59320
    },
    {
      "icon_id": "41252795",
      "name": "模块-视频",
      "font_class": "icon-layout-module-video",
      "unicode": "e7b9",
      "unicode_decimal": 59321
    },
    {
      "icon_id": "41252807",
      "name": "模块-图片魔方",
      "font_class": "tupianmofang",
      "unicode": "e7b0",
      "unicode_decimal": 59312
    },
    {
      "icon_id": "40900664",
      "name": "商家中心",
      "font_class": "shop-menu-center",
      "unicode": "e7a6",
      "unicode_decimal": 59302
    },
    {
      "icon_id": "40900663",
      "name": "导航管理",
      "font_class": "shop-menu-navicon",
      "unicode": "e7a7",
      "unicode_decimal": 59303
    },
    {
      "icon_id": "40900662",
      "name": "店铺管理",
      "font_class": "shop-menu-admin",
      "unicode": "e7a8",
      "unicode_decimal": 59304
    },
    {
      "icon_id": "40900661",
      "name": "首页推荐",
      "font_class": "shop-menu-recommend",
      "unicode": "e7a9",
      "unicode_decimal": 59305
    },
    {
      "icon_id": "40900658",
      "name": "页面设计",
      "font_class": "shop-menu-design",
      "unicode": "e7aa",
      "unicode_decimal": 59306
    },
    {
      "icon_id": "40900660",
      "name": "轮播管理",
      "font_class": "shop-menu-slider",
      "unicode": "e7ab",
      "unicode_decimal": 59307
    },
    {
      "icon_id": "40900659",
      "name": "订单管理",
      "font_class": "shop-menu-order",
      "unicode": "e7ac",
      "unicode_decimal": 59308
    },
    {
      "icon_id": "40900655",
      "name": "扩展模块",
      "font_class": "shop-menu-extend",
      "unicode": "e7ad",
      "unicode_decimal": 59309
    },
    {
      "icon_id": "40900657",
      "name": "商品管理",
      "font_class": "shop-menu-goods",
      "unicode": "e7ae",
      "unicode_decimal": 59310
    },
    {
      "icon_id": "40900656",
      "name": "商品分类",
      "font_class": "shop-menu-goodscategory",
      "unicode": "e7af",
      "unicode_decimal": 59311
    },
    {
      "icon_id": "40876097",
      "name": "二级域名确认",
      "font_class": "domain-confirm",
      "unicode": "e798",
      "unicode_decimal": 59288
    },
    {
      "icon_id": "40802663",
      "name": "首页-空心线条",
      "font_class": "home-fine",
      "unicode": "e7a5",
      "unicode_decimal": 59301
    },
    {
      "icon_id": "40800018",
      "name": "excel",
      "font_class": "excel",
      "unicode": "e7a4",
      "unicode_decimal": 59300
    },
    {
      "icon_id": "40795174",
      "name": "导入excel",
      "font_class": "import-excel",
      "unicode": "e7a3",
      "unicode_decimal": 59299
    },
    {
      "icon_id": "40795077",
      "name": "批量发货",
      "font_class": "batch-delivery",
      "unicode": "e79e",
      "unicode_decimal": 59294
    },
    {
      "icon_id": "40795076",
      "name": "标签打印",
      "font_class": "label-print",
      "unicode": "e79f",
      "unicode_decimal": 59295
    },
    {
      "icon_id": "40795075",
      "name": "运单打印",
      "font_class": "waybill-print",
      "unicode": "e7a0",
      "unicode_decimal": 59296
    },
    {
      "icon_id": "40795074",
      "name": "导出excel",
      "font_class": "export-excel",
      "unicode": "e7a1",
      "unicode_decimal": 59297
    },
    {
      "icon_id": "40795073",
      "name": "数据打印",
      "font_class": "data-print",
      "unicode": "e7a2",
      "unicode_decimal": 59298
    },
    {
      "icon_id": "40795079",
      "name": "推到商城",
      "font_class": "push-shop",
      "unicode": "e79c",
      "unicode_decimal": 59292
    },
    {
      "icon_id": "40795078",
      "name": "商城导入",
      "font_class": "shop-import",
      "unicode": "e79d",
      "unicode_decimal": 59293
    },
    {
      "icon_id": "40673296",
      "name": "邮箱登录",
      "font_class": "email-login",
      "unicode": "e799",
      "unicode_decimal": 59289
    },
    {
      "icon_id": "40673295",
      "name": "账号密码",
      "font_class": "account-password",
      "unicode": "e79a",
      "unicode_decimal": 59290
    },
    {
      "icon_id": "40673294",
      "name": "手机登录",
      "font_class": "mobile-login",
      "unicode": "e79b",
      "unicode_decimal": 59291
    },
    {
      "icon_id": "40435431",
      "name": "资金账单",
      "font_class": "price-bill",
      "unicode": "e760",
      "unicode_decimal": 59232
    },
    {
      "icon_id": "40435432",
      "name": "系统配置",
      "font_class": "sys-config",
      "unicode": "e761",
      "unicode_decimal": 59233
    },
    {
      "icon_id": "40435433",
      "name": "销售管理",
      "font_class": "sales-manage",
      "unicode": "e763",
      "unicode_decimal": 59235
    },
    {
      "icon_id": "40435434",
      "name": "采购管理",
      "font_class": "purchase-manage",
      "unicode": "e764",
      "unicode_decimal": 59236
    },
    {
      "icon_id": "40435435",
      "name": "库存管理",
      "font_class": "inventroy-manage",
      "unicode": "e765",
      "unicode_decimal": 59237
    },
    {
      "icon_id": "40435436",
      "name": "商城订单",
      "font_class": "shop-order",
      "unicode": "e795",
      "unicode_decimal": 59285
    },
    {
      "icon_id": "40435437",
      "name": "基础数据",
      "font_class": "base-data",
      "unicode": "e796",
      "unicode_decimal": 59286
    },
    {
      "icon_id": "40435438",
      "name": "客商管理",
      "font_class": "company-manage",
      "unicode": "e797",
      "unicode_decimal": 59287
    },
    {
      "icon_id": "10056794",
      "name": "放大",
      "font_class": "enlarge",
      "unicode": "e60e",
      "unicode_decimal": 58894
    },
    {
      "icon_id": "9874481",
      "name": "放大-边线",
      "font_class": "enlarge-border",
      "unicode": "e75f",
      "unicode_decimal": 59231
    },
    {
      "icon_id": "35646054",
      "name": "放大-四角",
      "font_class": "enlarge-four",
      "unicode": "e602",
      "unicode_decimal": 58882
    },
    {
      "icon_id": "40003793",
      "name": "打印-打印机",
      "font_class": "dayin-dayinji",
      "unicode": "e75e",
      "unicode_decimal": 59230
    },
    {
      "icon_id": "39905994",
      "name": "底部商店简介",
      "font_class": "footer-describe",
      "unicode": "e75d",
      "unicode_decimal": 59229
    },
    {
      "icon_id": "39755356",
      "name": "置顶",
      "font_class": "sticky",
      "unicode": "e794",
      "unicode_decimal": 59284
    },
    {
      "icon_id": "39755359",
      "name": "购物车1",
      "font_class": "cart",
      "unicode": "e791",
      "unicode_decimal": 59281
    },
    {
      "icon_id": "39755358",
      "name": "微信",
      "font_class": "wechart",
      "unicode": "e792",
      "unicode_decimal": 59282
    },
    {
      "icon_id": "39755357",
      "name": "电话",
      "font_class": "mobile",
      "unicode": "e793",
      "unicode_decimal": 59283
    },
    {
      "icon_id": "8575293",
      "name": "店铺",
      "font_class": "shop",
      "unicode": "e626",
      "unicode_decimal": 58918
    },
    {
      "icon_id": "8575001",
      "name": "客服",
      "font_class": "chat",
      "unicode": "e60d",
      "unicode_decimal": 58893
    },
    {
      "icon_id": "39706632",
      "name": "爱心-实",
      "font_class": "heart",
      "unicode": "e790",
      "unicode_decimal": 59280
    },
    {
      "icon_id": "39680381",
      "name": "商城二右箭头",
      "font_class": "swiper-right",
      "unicode": "e78f",
      "unicode_decimal": 59279
    },
    {
      "icon_id": "39680326",
      "name": "商城二左箭头",
      "font_class": "swiper-left",
      "unicode": "e78e",
      "unicode_decimal": 59278
    },
    {
      "icon_id": "39661584",
      "name": "爱心-空",
      "font_class": "heart-o",
      "unicode": "e78d",
      "unicode_decimal": 59277
    },
    {
      "icon_id": "39661457",
      "name": "眼睛圆",
      "font_class": "eye-circle",
      "unicode": "e78c",
      "unicode_decimal": 59276
    },
    {
      "icon_id": "39639903",
      "name": "商城二箭头",
      "font_class": "arrow-right-2",
      "unicode": "e78b",
      "unicode_decimal": 59275
    },
    {
      "icon_id": "39568421",
      "name": "优惠券-商城五",
      "font_class": "youhuiquan-shangchengwu",
      "unicode": "e78a",
      "unicode_decimal": 59274
    },
    {
      "icon_id": "39568288",
      "name": "购物袋",
      "font_class": "shopping",
      "unicode": "e787",
      "unicode_decimal": 59271
    },
    {
      "icon_id": "39568287",
      "name": "个人-圆",
      "font_class": "user-circle",
      "unicode": "e788",
      "unicode_decimal": 59272
    },
    {
      "icon_id": "39568286",
      "name": "搜索-细",
      "font_class": "search-fine",
      "unicode": "e789",
      "unicode_decimal": 59273
    },
    {
      "icon_id": "39565737",
      "name": "免费",
      "font_class": "delivery",
      "unicode": "e783",
      "unicode_decimal": 59267
    },
    {
      "icon_id": "39565736",
      "name": "安全锁",
      "font_class": "security-lock",
      "unicode": "e784",
      "unicode_decimal": 59268
    },
    {
      "icon_id": "39565738",
      "name": "电话",
      "font_class": "tel",
      "unicode": "e785",
      "unicode_decimal": 59269
    },
    {
      "icon_id": "39565735",
      "name": "保障",
      "font_class": "guarantee",
      "unicode": "e786",
      "unicode_decimal": 59270
    },
    {
      "icon_id": "39563265",
      "name": "手机-商城三",
      "font_class": "shouji-shangchengsan",
      "unicode": "e780",
      "unicode_decimal": 59264
    },
    {
      "icon_id": "39563263",
      "name": "电脑-商城三",
      "font_class": "diannao-shangchengsan",
      "unicode": "e781",
      "unicode_decimal": 59265
    },
    {
      "icon_id": "39563264",
      "name": "数码配件-商城三",
      "font_class": "shumapeijian-shangchengsan",
      "unicode": "e782",
      "unicode_decimal": 59266
    },
    {
      "icon_id": "39563268",
      "name": "智能设备-商城三",
      "font_class": "zhinengshebei-shangchengsan",
      "unicode": "e75c",
      "unicode_decimal": 59228
    },
    {
      "icon_id": "39563267",
      "name": "影音娱乐-商城三",
      "font_class": "yingyinyule-shangchengsan",
      "unicode": "e77e",
      "unicode_decimal": 59262
    },
    {
      "icon_id": "39563266",
      "name": "摄像机",
      "font_class": "camera",
      "unicode": "e77f",
      "unicode_decimal": 59263
    },
    {
      "icon_id": "39552005",
      "name": "上箭头-官网1新",
      "font_class": "swiper-arrow-top",
      "unicode": "e77d",
      "unicode_decimal": 59261
    },
    {
      "icon_id": "39551808",
      "name": "左侧箭头-官网一",
      "font_class": "swiper-arrow-left",
      "unicode": "e77a",
      "unicode_decimal": 59258
    },
    {
      "icon_id": "39551807",
      "name": "右侧箭头-官网一",
      "font_class": "swiper-arrow-right",
      "unicode": "e77b",
      "unicode_decimal": 59259
    },
    {
      "icon_id": "39551806",
      "name": "下箭头-官网一",
      "font_class": "swiper-arrow-down",
      "unicode": "e77c",
      "unicode_decimal": 59260
    },
    {
      "icon_id": "39550952",
      "name": "夹克-商城二新",
      "font_class": "shopsite2-overcoat",
      "unicode": "e779",
      "unicode_decimal": 59257
    },
    {
      "icon_id": "39550676",
      "name": "鞋子-商城二",
      "font_class": "shopsite2-shoe",
      "unicode": "e778",
      "unicode_decimal": 59256
    },
    {
      "icon_id": "39550501",
      "name": "衬衫-商城二",
      "font_class": "shopsize2-shirt",
      "unicode": "e774",
      "unicode_decimal": 59252
    },
    {
      "icon_id": "39550500",
      "name": "手表-商城二",
      "font_class": "shopsite2-watch",
      "unicode": "e775",
      "unicode_decimal": 59253
    },
    {
      "icon_id": "39550499",
      "name": "裤子-商城二",
      "font_class": "shopsite2-pants",
      "unicode": "e776",
      "unicode_decimal": 59254
    },
    {
      "icon_id": "39550498",
      "name": "全部-商城二",
      "font_class": "shopsite2-all",
      "unicode": "e777",
      "unicode_decimal": 59255
    },
    {
      "icon_id": "39549343",
      "name": "大型厂区",
      "font_class": "daxingchangqu",
      "unicode": "e770",
      "unicode_decimal": 59248
    },
    {
      "icon_id": "39549342",
      "name": "民营企业知名品牌",
      "font_class": "minyingqiyezhimingpinpai",
      "unicode": "e771",
      "unicode_decimal": 59249
    },
    {
      "icon_id": "39549341",
      "name": "质量管控",
      "font_class": "zhiliangguankong",
      "unicode": "e772",
      "unicode_decimal": 59250
    },
    {
      "icon_id": "39549340",
      "name": "先进生产设备",
      "font_class": "xianjinshengchanshebei",
      "unicode": "e773",
      "unicode_decimal": 59251
    },
    {
      "icon_id": "39549102",
      "name": "年产能-官网二",
      "font_class": "nianchanneng-guanwanger",
      "unicode": "e76c",
      "unicode_decimal": 59244
    },
    {
      "icon_id": "39549101",
      "name": "产品遍布30城市",
      "font_class": "chanpinbianbu30chengshi",
      "unicode": "e76d",
      "unicode_decimal": 59245
    },
    {
      "icon_id": "39549100",
      "name": "制造经验",
      "font_class": "zhizaojingyan",
      "unicode": "e76e",
      "unicode_decimal": 59246
    },
    {
      "icon_id": "39549099",
      "name": "客户爱戴和信任",
      "font_class": "kehuaidaihexinren",
      "unicode": "e76f",
      "unicode_decimal": 59247
    },
    {
      "icon_id": "39547884",
      "name": "联系电话-官网三",
      "font_class": "phone",
      "unicode": "e76a",
      "unicode_decimal": 59242
    },
    {
      "icon_id": "39547883",
      "name": "箭头 -官网三",
      "font_class": "arrow-right-3",
      "unicode": "e76b",
      "unicode_decimal": 59243
    },
    {
      "icon_id": "39547808",
      "name": "专业分析策划-官网三",
      "font_class": "zhuanyefenxicehua-guanwangsan",
      "unicode": "e766",
      "unicode_decimal": 59238
    },
    {
      "icon_id": "39547807",
      "name": "团队 优势-官网三",
      "font_class": "a-tuanduiyoushi-guanwangsan",
      "unicode": "e767",
      "unicode_decimal": 59239
    },
    {
      "icon_id": "39547806",
      "name": "服务体系-官网三",
      "font_class": "fuwutixi-guanwangsan",
      "unicode": "e768",
      "unicode_decimal": 59240
    },
    {
      "icon_id": "39547805",
      "name": "信息化管理-官网三",
      "font_class": "xinxihuaguanli-guanwangsan",
      "unicode": "e769",
      "unicode_decimal": 59241
    },
    {
      "icon_id": "39547030",
      "name": "官网三箭头",
      "font_class": "arrow-right-4",
      "unicode": "e762",
      "unicode_decimal": 59234
    },
    {
      "icon_id": "39400283",
      "name": "店员",
      "font_class": "user-2",
      "unicode": "e75a",
      "unicode_decimal": 59226
    },
    {
      "icon_id": "39400282",
      "name": "退出",
      "font_class": "exit",
      "unicode": "e75b",
      "unicode_decimal": 59227
    },
    {
      "icon_id": "39399634",
      "name": "用户",
      "font_class": "user",
      "unicode": "e755",
      "unicode_decimal": 59221
    },
    {
      "icon_id": "39399635",
      "name": "订单",
      "font_class": "order",
      "unicode": "e756",
      "unicode_decimal": 59222
    },
    {
      "icon_id": "39399636",
      "name": "退货",
      "font_class": "after-sales",
      "unicode": "e757",
      "unicode_decimal": 59223
    },
    {
      "icon_id": "39399637",
      "name": "收银",
      "font_class": "cashier",
      "unicode": "e758",
      "unicode_decimal": 59224
    },
    {
      "icon_id": "39399638",
      "name": "核销",
      "font_class": "cashier-check",
      "unicode": "e759",
      "unicode_decimal": 59225
    },
    {
      "icon_id": "37354114",
      "name": "扫码",
      "font_class": "scan-code",
      "unicode": "e702",
      "unicode_decimal": 59138
    },
    {
      "icon_id": "39193299",
      "name": "配送",
      "font_class": "dadaorder",
      "unicode": "e753",
      "unicode_decimal": 59219
    },
    {
      "icon_id": "39193298",
      "name": "支付",
      "font_class": "batch-pay",
      "unicode": "e754",
      "unicode_decimal": 59220
    },
    {
      "icon_id": "39173844",
      "name": "待收货",
      "font_class": "wait-receive-delivery",
      "unicode": "e74d",
      "unicode_decimal": 59213
    },
    {
      "icon_id": "39173843",
      "name": "待评论",
      "font_class": "wait-comment",
      "unicode": "e74e",
      "unicode_decimal": 59214
    },
    {
      "icon_id": "39173842",
      "name": "待发货",
      "font_class": "wait-delivery",
      "unicode": "e74f",
      "unicode_decimal": 59215
    },
    {
      "icon_id": "39173841",
      "name": "待付款",
      "font_class": "wait-payment",
      "unicode": "e750",
      "unicode_decimal": 59216
    },
    {
      "icon_id": "39173840",
      "name": "退款/售后",
      "font_class": "refund-aftersales",
      "unicode": "e751",
      "unicode_decimal": 59217
    },
    {
      "icon_id": "39173839",
      "name": "订单列表",
      "font_class": "order-list",
      "unicode": "e752",
      "unicode_decimal": 59218
    },
    {
      "icon_id": "39148662",
      "name": "生成账单",
      "font_class": "created-midal",
      "unicode": "e747",
      "unicode_decimal": 59207
    },
    {
      "icon_id": "39148661",
      "name": "充值",
      "font_class": "paypal",
      "unicode": "e748",
      "unicode_decimal": 59208
    },
    {
      "icon_id": "39148660",
      "name": "值班",
      "font_class": "duty",
      "unicode": "e749",
      "unicode_decimal": 59209
    },
    {
      "icon_id": "39148659",
      "name": "薪水",
      "font_class": "salary",
      "unicode": "e74a",
      "unicode_decimal": 59210
    },
    {
      "icon_id": "39148658",
      "name": "批量结算",
      "font_class": "batch-settlement",
      "unicode": "e74b",
      "unicode_decimal": 59211
    },
    {
      "icon_id": "39148657",
      "name": "商品库",
      "font_class": "system-goods",
      "unicode": "e74c",
      "unicode_decimal": 59212
    },
    {
      "icon_id": "38946969",
      "name": "眼睛-不可见",
      "font_class": "eye-slash",
      "unicode": "e746",
      "unicode_decimal": 59206
    },
    {
      "icon_id": "38946497",
      "name": "眼睛-可见",
      "font_class": "eye",
      "unicode": "e745",
      "unicode_decimal": 59205
    },
    {
      "icon_id": "38937577",
      "name": "多选-选中",
      "font_class": "checkbox-checked",
      "unicode": "e741",
      "unicode_decimal": 59201
    },
    {
      "icon_id": "38937576",
      "name": "单选-未选中",
      "font_class": "radio-unchecked",
      "unicode": "e742",
      "unicode_decimal": 59202
    },
    {
      "icon_id": "38937575",
      "name": "单选-选中",
      "font_class": "radio-checked",
      "unicode": "e743",
      "unicode_decimal": 59203
    },
    {
      "icon_id": "38937574",
      "name": "多选-未选中",
      "font_class": "checkbox-unchecked",
      "unicode": "e744",
      "unicode_decimal": 59204
    },
    {
      "icon_id": "38881214",
      "name": "notice",
      "font_class": "notice",
      "unicode": "e740",
      "unicode_decimal": 59200
    },
    {
      "icon_id": "38875921",
      "name": "启用",
      "font_class": "enable",
      "unicode": "e73f",
      "unicode_decimal": 59199
    },
    {
      "icon_id": "38873376",
      "name": "收起",
      "font_class": "retract",
      "unicode": "e73e",
      "unicode_decimal": 59198
    },
    {
      "icon_id": "38872579",
      "name": "设置",
      "font_class": "setup",
      "unicode": "e73c",
      "unicode_decimal": 59196
    },
    {
      "icon_id": "38872578",
      "name": "退出",
      "font_class": "logout",
      "unicode": "e73d",
      "unicode_decimal": 59197
    },
    {
      "icon_id": "38870381",
      "name": "后台商店用户",
      "font_class": "admin-store-user",
      "unicode": "e73b",
      "unicode_decimal": 59195
    },
    {
      "icon_id": "38867282",
      "name": "后台商店VIP",
      "font_class": "admin-store-vip",
      "unicode": "e73a",
      "unicode_decimal": 59194
    },
    {
      "icon_id": "38836857",
      "name": "close",
      "font_class": "close",
      "unicode": "e739",
      "unicode_decimal": 59193
    },
    {
      "icon_id": "38834708",
      "name": "table-user-gender",
      "font_class": "table-user-gender",
      "unicode": "e738",
      "unicode_decimal": 59192
    },
    {
      "icon_id": "38833576",
      "name": "yhxx-yanj",
      "font_class": "yhxx-yanj",
      "unicode": "e733",
      "unicode_decimal": 59187
    },
    {
      "icon_id": "38833575",
      "name": "table-user-mobile",
      "font_class": "table-user-mobile",
      "unicode": "e734",
      "unicode_decimal": 59188
    },
    {
      "icon_id": "38833577",
      "name": "table-user-number-code",
      "font_class": "table-user-number-code",
      "unicode": "e735",
      "unicode_decimal": 59189
    },
    {
      "icon_id": "38833574",
      "name": "table-user-username",
      "font_class": "table-user-username",
      "unicode": "e736",
      "unicode_decimal": 59190
    },
    {
      "icon_id": "38833573",
      "name": "table-user-email",
      "font_class": "table-user-email",
      "unicode": "e737",
      "unicode_decimal": 59191
    },
    {
      "icon_id": "38777044",
      "name": "address-checked",
      "font_class": "address-checked",
      "unicode": "e731",
      "unicode_decimal": 59185
    },
    {
      "icon_id": "38777045",
      "name": "address-unchecked",
      "font_class": "address-unchecked",
      "unicode": "e732",
      "unicode_decimal": 59186
    },
    {
      "icon_id": "38776369",
      "name": "order-del",
      "font_class": "order-del",
      "unicode": "e72f",
      "unicode_decimal": 59183
    },
    {
      "icon_id": "38776368",
      "name": "order-add",
      "font_class": "order-add",
      "unicode": "e730",
      "unicode_decimal": 59184
    },
    {
      "icon_id": "38743262",
      "name": "application-uninstall",
      "font_class": "application-uninstall",
      "unicode": "e72e",
      "unicode_decimal": 59182
    },
    {
      "icon_id": "38735708",
      "name": "upload-file",
      "font_class": "upload-file",
      "unicode": "e72d",
      "unicode_decimal": 59181
    },
    {
      "icon_id": "38728835",
      "name": "qj-rizhi",
      "font_class": "qj-rizhi",
      "unicode": "e72c",
      "unicode_decimal": 59180
    },
    {
      "icon_id": "38722413",
      "name": "download",
      "font_class": "download",
      "unicode": "e72a",
      "unicode_decimal": 59178
    },
    {
      "icon_id": "38722414",
      "name": "upload",
      "font_class": "upload",
      "unicode": "e72b",
      "unicode_decimal": 59179
    },
    {
      "icon_id": "38652352",
      "name": "关闭",
      "font_class": "close-o",
      "unicode": "e729",
      "unicode_decimal": 59177
    },
    {
      "icon_id": "38644897",
      "name": "arrow-down-s",
      "font_class": "arrow-down-s",
      "unicode": "e726",
      "unicode_decimal": 59174
    },
    {
      "icon_id": "38644896",
      "name": "向上箭头",
      "font_class": "angle-up",
      "unicode": "e727",
      "unicode_decimal": 59175
    },
    {
      "icon_id": "38644895",
      "name": "向右箭头",
      "font_class": "angle-right",
      "unicode": "e728",
      "unicode_decimal": 59176
    },
    {
      "icon_id": "39812727",
      "name": "向左箭头",
      "font_class": "angle-left",
      "unicode": "e8b6",
      "unicode_decimal": 59574
    },
    {
      "icon_id": "38644949",
      "name": "arrow-right-s",
      "font_class": "arrow-right-s",
      "unicode": "e725",
      "unicode_decimal": 59173
    },
    {
      "icon_id": "38632438",
      "name": "sort",
      "font_class": "sort",
      "unicode": "e724",
      "unicode_decimal": 59172
    },
    {
      "icon_id": "38631149",
      "name": "剪切",
      "font_class": "shear",
      "unicode": "e722",
      "unicode_decimal": 59170
    },
    {
      "icon_id": "38631148",
      "name": "copy",
      "font_class": "copy",
      "unicode": "e723",
      "unicode_decimal": 59171
    },
    {
      "icon_id": "38618806",
      "name": "map-position",
      "font_class": "map-position",
      "unicode": "e721",
      "unicode_decimal": 59169
    },
    {
      "icon_id": "37288621",
      "name": "arrow-right",
      "font_class": "arrow-right",
      "unicode": "e6d5",
      "unicode_decimal": 59093
    },
    {
      "icon_id": "37324824",
      "name": "arrow-down",
      "font_class": "arrow-down",
      "unicode": "e720",
      "unicode_decimal": 59168
    },
    {
      "icon_id": "38587922",
      "name": "back",
      "font_class": "back",
      "unicode": "e71f",
      "unicode_decimal": 59167
    },
    {
      "icon_id": "38587897",
      "name": "theme",
      "font_class": "theme",
      "unicode": "e71e",
      "unicode_decimal": 59166
    },
    {
      "icon_id": "38587558",
      "name": "清扫-粗",
      "font_class": "clear-crude",
      "unicode": "e712",
      "unicode_decimal": 59154
    },
    {
      "icon_id": "38587554",
      "name": "delete",
      "font_class": "delete",
      "unicode": "e713",
      "unicode_decimal": 59155
    },
    {
      "icon_id": "38587557",
      "name": "qj-tuid",
      "font_class": "qj-tuid",
      "unicode": "e714",
      "unicode_decimal": 59156
    },
    {
      "icon_id": "38587556",
      "name": "import",
      "font_class": "import",
      "unicode": "e715",
      "unicode_decimal": 59157
    },
    {
      "icon_id": "38587555",
      "name": "发送",
      "font_class": "send",
      "unicode": "e716",
      "unicode_decimal": 59158
    },
    {
      "icon_id": "38587553",
      "name": "发货",
      "font_class": "send-delivery",
      "unicode": "e717",
      "unicode_decimal": 59159
    },
    {
      "icon_id": "38587552",
      "name": "print",
      "font_class": "print",
      "unicode": "e719",
      "unicode_decimal": 59161
    },
    {
      "icon_id": "38587550",
      "name": "pdf",
      "font_class": "pdf",
      "unicode": "e71a",
      "unicode_decimal": 59162
    },
    {
      "icon_id": "38587548",
      "name": "add",
      "font_class": "add",
      "unicode": "e71b",
      "unicode_decimal": 59163
    },
    {
      "icon_id": "38587549",
      "name": "export",
      "font_class": "export",
      "unicode": "e71c",
      "unicode_decimal": 59164
    },
    {
      "icon_id": "38587547",
      "name": "收货",
      "font_class": "take-delivery",
      "unicode": "e71d",
      "unicode_decimal": 59165
    },
    {
      "icon_id": "38578995",
      "name": "cog",
      "font_class": "cog",
      "unicode": "e710",
      "unicode_decimal": 59152
    },
    {
      "icon_id": "38578996",
      "name": "刷新",
      "font_class": "refresh",
      "unicode": "e711",
      "unicode_decimal": 59153
    },
    {
      "icon_id": "38567366",
      "name": "打勾",
      "font_class": "check",
      "unicode": "e70f",
      "unicode_decimal": 59151
    },
    {
      "icon_id": "38539689",
      "name": "btn-del",
      "font_class": "btn-del",
      "unicode": "e70d",
      "unicode_decimal": 59149
    },
    {
      "icon_id": "38539688",
      "name": "btn-add",
      "font_class": "btn-add",
      "unicode": "e70e",
      "unicode_decimal": 59150
    },
    {
      "icon_id": "38496547",
      "name": "tips",
      "font_class": "tips",
      "unicode": "e70b",
      "unicode_decimal": 59147
    },
    {
      "icon_id": "38496546",
      "name": "contract",
      "font_class": "contract",
      "unicode": "e70c",
      "unicode_decimal": 59148
    },
    {
      "icon_id": "38494359",
      "name": "upload-add",
      "font_class": "upload-add",
      "unicode": "e70a",
      "unicode_decimal": 59146
    },
    {
      "icon_id": "38452636",
      "name": "application-delete",
      "font_class": "application-delete",
      "unicode": "e709",
      "unicode_decimal": 59145
    },
    {
      "icon_id": "38422857",
      "name": "search",
      "font_class": "search",
      "unicode": "e706",
      "unicode_decimal": 59142
    },
    {
      "icon_id": "38422858",
      "name": "download-btn",
      "font_class": "download-btn",
      "unicode": "e707",
      "unicode_decimal": 59143
    },
    {
      "icon_id": "38422859",
      "name": "type-manage",
      "font_class": "type-manage",
      "unicode": "e708",
      "unicode_decimal": 59144
    },
    {
      "icon_id": "38405333",
      "name": "admin-home-page",
      "font_class": "admin-home-page",
      "unicode": "e6d9",
      "unicode_decimal": 59097
    },
    {
      "icon_id": "38405488",
      "name": "admin-system",
      "font_class": "admin-system",
      "unicode": "e6da",
      "unicode_decimal": 59098
    },
    {
      "icon_id": "38406773",
      "name": "admin-tools",
      "font_class": "admin-tools",
      "unicode": "e6e5",
      "unicode_decimal": 59109
    },
    {
      "icon_id": "38406774",
      "name": "admin-article",
      "font_class": "admin-article",
      "unicode": "e6eb",
      "unicode_decimal": 59115
    },
    {
      "icon_id": "38406775",
      "name": "admin-data",
      "font_class": "admin-data",
      "unicode": "e6e3",
      "unicode_decimal": 59107
    },
    {
      "icon_id": "38406776",
      "name": "admin-phone",
      "font_class": "admin-phone",
      "unicode": "e6e2",
      "unicode_decimal": 59106
    },
    {
      "icon_id": "38406777",
      "name": "admin-order",
      "font_class": "admin-order",
      "unicode": "e6e1",
      "unicode_decimal": 59105
    },
    {
      "icon_id": "38406778",
      "name": "admin-application",
      "font_class": "admin-application",
      "unicode": "e6e0",
      "unicode_decimal": 59104
    },
    {
      "icon_id": "38406779",
      "name": "admin-web-manage",
      "font_class": "admin-web-manage",
      "unicode": "e6df",
      "unicode_decimal": 59103
    },
    {
      "icon_id": "38406780",
      "name": "admin-site-config",
      "font_class": "admin-site-config",
      "unicode": "e6de",
      "unicode_decimal": 59102
    },
    {
      "icon_id": "38406781",
      "name": "admin-auth",
      "font_class": "admin-auth",
      "unicode": "e6dd",
      "unicode_decimal": 59101
    },
    {
      "icon_id": "38406782",
      "name": "admin-brand",
      "font_class": "admin-brand",
      "unicode": "e6dc",
      "unicode_decimal": 59100
    },
    {
      "icon_id": "38406783",
      "name": "admin-user",
      "font_class": "admin-user",
      "unicode": "e6db",
      "unicode_decimal": 59099
    },
    {
      "icon_id": "38406784",
      "name": "admin-warehouse",
      "font_class": "admin-warehouse",
      "unicode": "e6ec",
      "unicode_decimal": 59116
    },
    {
      "icon_id": "38406884",
      "name": "admin-goods",
      "font_class": "admin-goods",
      "unicode": "e6ed",
      "unicode_decimal": 59117
    },
    {
      "icon_id": "38407998",
      "name": "nav-close-all",
      "font_class": "nav-close-all",
      "unicode": "e6f1",
      "unicode_decimal": 59121
    },
    {
      "icon_id": "38407999",
      "name": "nav-refresh",
      "font_class": "nav-refresh",
      "unicode": "e6f3",
      "unicode_decimal": 59123
    },
    {
      "icon_id": "38408000",
      "name": "nav-close-other",
      "font_class": "nav-close-other",
      "unicode": "e6ee",
      "unicode_decimal": 59118
    },
    {
      "icon_id": "38408001",
      "name": "向下箭头",
      "font_class": "angle-down",
      "unicode": "e6f2",
      "unicode_decimal": 59122
    },
    {
      "icon_id": "38408002",
      "name": "nav-close",
      "font_class": "nav-close",
      "unicode": "e6f0",
      "unicode_decimal": 59120
    },
    {
      "icon_id": "38408003",
      "name": "nav-tools",
      "font_class": "nav-tools",
      "unicode": "e6ef",
      "unicode_decimal": 59119
    },
    {
      "icon_id": "38408004",
      "name": "language",
      "font_class": "language",
      "unicode": "e6f4",
      "unicode_decimal": 59124
    },
    {
      "icon_id": "38408005",
      "name": "edit",
      "font_class": "edit",
      "unicode": "e6f5",
      "unicode_decimal": 59125
    },
    {
      "icon_id": "38408006",
      "name": "home",
      "font_class": "home",
      "unicode": "e6f6",
      "unicode_decimal": 59126
    },
    {
      "icon_id": "38408007",
      "name": "清扫",
      "font_class": "clear",
      "unicode": "e6f7",
      "unicode_decimal": 59127
    },
    {
      "icon_id": "38408008",
      "name": "dark",
      "font_class": "dark",
      "unicode": "e6f8",
      "unicode_decimal": 59128
    },
    {
      "icon_id": "38408009",
      "name": "full-screen",
      "font_class": "full-screen",
      "unicode": "e6f9",
      "unicode_decimal": 59129
    },
    {
      "icon_id": "38408010",
      "name": "light",
      "font_class": "light",
      "unicode": "e6fa",
      "unicode_decimal": 59130
    },
    {
      "icon_id": "38408205",
      "name": "index-shaix",
      "font_class": "index-shaix",
      "unicode": "e6fb",
      "unicode_decimal": 59131
    },
    {
      "icon_id": "38409061",
      "name": "stretch",
      "font_class": "stretch",
      "unicode": "e6fc",
      "unicode_decimal": 59132
    },
    {
      "icon_id": "38409062",
      "name": "shrink",
      "font_class": "shrink",
      "unicode": "e6fd",
      "unicode_decimal": 59133
    },
    {
      "icon_id": "38422631",
      "name": "yiny-bij",
      "font_class": "yiny-bij",
      "unicode": "e6fe",
      "unicode_decimal": 59134
    },
    {
      "icon_id": "38422632",
      "name": "application-upload",
      "font_class": "application-upload",
      "unicode": "e6ff",
      "unicode_decimal": 59135
    },
    {
      "icon_id": "38422633",
      "name": "application-download",
      "font_class": "application-download",
      "unicode": "e700",
      "unicode_decimal": 59136
    },
    {
      "icon_id": "38422634",
      "name": "application-install",
      "font_class": "application-install",
      "unicode": "e701",
      "unicode_decimal": 59137
    },
    {
      "icon_id": "38422636",
      "name": "application-home",
      "font_class": "application-home",
      "unicode": "e703",
      "unicode_decimal": 59139
    },
    {
      "icon_id": "38422637",
      "name": "application-update",
      "font_class": "application-update",
      "unicode": "e704",
      "unicode_decimal": 59140
    },
    {
      "icon_id": "38422638",
      "name": "application-set",
      "font_class": "application-set",
      "unicode": "e705",
      "unicode_decimal": 59141
    },
    {
      "icon_id": "38007958",
      "name": "手机底部导航-首页选中",
      "font_class": "web-mobile-bottom-nav-home-active",
      "unicode": "e6ea",
      "unicode_decimal": 59114
    },
    {
      "icon_id": "38007959",
      "name": "手机底部导航-分类选中",
      "font_class": "web-mobile-bottom-nav-category-active",
      "unicode": "e6e9",
      "unicode_decimal": 59113
    },
    {
      "icon_id": "38007960",
      "name": "手机底部导航-用户选中",
      "font_class": "web-mobile-bottom-nav-user-active",
      "unicode": "e6e8",
      "unicode_decimal": 59112
    },
    {
      "icon_id": "38007961",
      "name": "手机底部导航-购物车选中",
      "font_class": "web-mobile-bottom-nav-cart-active",
      "unicode": "e6e7",
      "unicode_decimal": 59111
    },
    {
      "icon_id": "37112559",
      "name": "手机底部导航-用户",
      "font_class": "web-mobile-bottom-nav-user",
      "unicode": "e6b4",
      "unicode_decimal": 59060
    },
    {
      "icon_id": "37112560",
      "name": "手机底部导航-购物车",
      "font_class": "web-mobile-bottom-nav-cart",
      "unicode": "e6c8",
      "unicode_decimal": 59080
    },
    {
      "icon_id": "37112561",
      "name": "手机底部导航-首页",
      "font_class": "web-mobile-bottom-nav-home",
      "unicode": "e6d7",
      "unicode_decimal": 59095
    },
    {
      "icon_id": "37112562",
      "name": "手机底部导航-分类",
      "font_class": "web-mobile-bottom-nav-category",
      "unicode": "e6d8",
      "unicode_decimal": 59096
    },
    {
      "icon_id": "37943831",
      "name": "网站底部邮箱",
      "font_class": "footer-email",
      "unicode": "e6d4",
      "unicode_decimal": 59092
    },
    {
      "icon_id": "37943830",
      "name": "网站底部地址",
      "font_class": "footer-address",
      "unicode": "e6d6",
      "unicode_decimal": 59094
    },
    {
      "icon_id": "37943795",
      "name": "网站底部电话",
      "font_class": "footer-tel",
      "unicode": "e6d3",
      "unicode_decimal": 59091
    },
    {
      "icon_id": "37928384",
      "name": "扫码登录端切换-pc",
      "font_class": "login-right-pc",
      "unicode": "e6d2",
      "unicode_decimal": 59090
    },
    {
      "icon_id": "37927556",
      "name": "扫码登录端切换-手机",
      "font_class": "login-right-scan",
      "unicode": "e6d1",
      "unicode_decimal": 59089
    },
    {
      "icon_id": "37927159",
      "name": "支付失败",
      "font_class": "payment-fail",
      "unicode": "e6e6",
      "unicode_decimal": 59110
    },
    {
      "icon_id": "37877053",
      "name": "chongzhi-zffs",
      "font_class": "chongzhi-zffs",
      "unicode": "e6cf",
      "unicode_decimal": 59087
    },
    {
      "icon_id": "37877052",
      "name": "chongzhi-czje",
      "font_class": "chongzhi-czje",
      "unicode": "e6d0",
      "unicode_decimal": 59088
    },
    {
      "icon_id": "37324825",
      "name": "zhifu-yixuan",
      "font_class": "zhifu-yixuan",
      "unicode": "e6cc",
      "unicode_decimal": 59084
    },
    {
      "icon_id": "37324826",
      "name": "zhifu-weixuan",
      "font_class": "zhifu-weixuan",
      "unicode": "e6ce",
      "unicode_decimal": 59086
    },
    {
      "icon_id": "37864054",
      "name": "jianpan-guanbi",
      "font_class": "keyboard-backspace",
      "unicode": "e6cd",
      "unicode_decimal": 59085
    },
    {
      "icon_id": "37787211",
      "name": "钱包转账/转换",
      "font_class": "transfer",
      "unicode": "e6e4",
      "unicode_decimal": 59108
    },
    {
      "icon_id": "11372685",
      "name": "扫一扫",
      "font_class": "saoyisao",
      "unicode": "e8b5",
      "unicode_decimal": 59573
    },
    {
      "icon_id": "37021308",
      "name": "more_phone",
      "font_class": "more-phone",
      "unicode": "e6cb",
      "unicode_decimal": 59083
    },
    {
      "icon_id": "36982857",
      "name": "dianpuproduc",
      "font_class": "dianpuproduc",
      "unicode": "e6c9",
      "unicode_decimal": 59081
    },
    {
      "icon_id": "36982856",
      "name": "dianpushuliang",
      "font_class": "dianpushuliang",
      "unicode": "e6ca",
      "unicode_decimal": 59082
    },
    {
      "icon_id": "36960616",
      "name": "exchange-nav-top",
      "font_class": "exchange-nav-top",
      "unicode": "e6c5",
      "unicode_decimal": 59077
    },
    {
      "icon_id": "36959656",
      "name": "icon-anquantuic-left",
      "font_class": "user-center-left-logout",
      "unicode": "e6c7",
      "unicode_decimal": 59079
    },
    {
      "icon_id": "36959195",
      "name": "cart-nav-top",
      "font_class": "cart-nav-top",
      "unicode": "e6c6",
      "unicode_decimal": 59078
    },
    {
      "icon_id": "36936843",
      "name": "shishangfushi",
      "font_class": "shishangfushi",
      "unicode": "e6c2",
      "unicode_decimal": 59074
    },
    {
      "icon_id": "36935976",
      "name": "qiche",
      "font_class": "qiche",
      "unicode": "e6c3",
      "unicode_decimal": 59075
    },
    {
      "icon_id": "36935975",
      "name": "zhubaoshoubiao",
      "font_class": "zhubaoshoubiao",
      "unicode": "e6c4",
      "unicode_decimal": 59076
    },
    {
      "icon_id": "36930303",
      "name": "queren_wdfx",
      "font_class": "queren_wdfx",
      "unicode": "e6c1",
      "unicode_decimal": 59073
    },
    {
      "icon_id": "36930043",
      "name": "jianotukongjian_wdfx",
      "font_class": "jianotukongjian_wdfx",
      "unicode": "e6bf",
      "unicode_decimal": 59071
    },
    {
      "icon_id": "36930042",
      "name": "rili_wdfx",
      "font_class": "rili_wdfx",
      "unicode": "e6c0",
      "unicode_decimal": 59072
    },
    {
      "icon_id": "36882792",
      "name": "jt1_wdfx",
      "font_class": "jt1_wdfx",
      "unicode": "e6be",
      "unicode_decimal": 59070
    },
    {
      "icon_id": "36882581",
      "name": "putongfenxiao_wdfx",
      "font_class": "putongfenxiao_wdfx",
      "unicode": "e6bd",
      "unicode_decimal": 59069
    },
    {
      "icon_id": "36882578",
      "name": "qutixian_wdfx",
      "font_class": "qutixian_wdfx",
      "unicode": "e6bb",
      "unicode_decimal": 59067
    },
    {
      "icon_id": "36882577",
      "name": "quhuodian_wdfx",
      "font_class": "quhuodian_wdfx",
      "unicode": "e6bc",
      "unicode_decimal": 59068
    },
    {
      "icon_id": "36882569",
      "name": "钱包充值",
      "font_class": "recharge",
      "unicode": "e6ab",
      "unicode_decimal": 59051
    },
    {
      "icon_id": "36882568",
      "name": "zengsong_wdqb",
      "font_class": "zengsong_wdqb",
      "unicode": "e6ac",
      "unicode_decimal": 59052
    },
    {
      "icon_id": "36882567",
      "name": "youxiaojine_wdqb",
      "font_class": "youxiaojine_wdqb",
      "unicode": "e6ad",
      "unicode_decimal": 59053
    },
    {
      "icon_id": "36882566",
      "name": "ziliaoguanli_left",
      "font_class": "user-center-left-base",
      "unicode": "e6ae",
      "unicode_decimal": 59054
    },
    {
      "icon_id": "36882563",
      "name": "shaix_wdqb",
      "font_class": "shaix_wdqb",
      "unicode": "e6af",
      "unicode_decimal": 59055
    },
    {
      "icon_id": "36882564",
      "name": "dongjie_wdqb",
      "font_class": "dongjie_wdqb",
      "unicode": "e6b0",
      "unicode_decimal": 59056
    },
    {
      "icon_id": "36882557",
      "name": "yewuguanli_left",
      "font_class": "user-center-left-business",
      "unicode": "e6b1",
      "unicode_decimal": 59057
    },
    {
      "icon_id": "36882561",
      "name": "shezhi_wdqb",
      "font_class": "shezhi_wdqb",
      "unicode": "e6b3",
      "unicode_decimal": 59059
    },
    {
      "icon_id": "36882560",
      "name": "zhengchangjifen_wdjf",
      "font_class": "zhengchangjifen_wdjf",
      "unicode": "e6b5",
      "unicode_decimal": 59061
    },
    {
      "icon_id": "36882565",
      "name": "钱包提现",
      "font_class": "cash",
      "unicode": "e6b6",
      "unicode_decimal": 59062
    },
    {
      "icon_id": "36882559",
      "name": "gerenzhongxin_left",
      "font_class": "user-center-left-home",
      "unicode": "e6b7",
      "unicode_decimal": 59063
    },
    {
      "icon_id": "36882562",
      "name": "sousuo_wdqb",
      "font_class": "sousuo_wdqb",
      "unicode": "e6b8",
      "unicode_decimal": 59064
    },
    {
      "icon_id": "36882556",
      "name": "caichanzhongxin_left",
      "font_class": "user-center-left-property",
      "unicode": "e6b9",
      "unicode_decimal": 59065
    },
    {
      "icon_id": "36882558",
      "name": "chongzhi1_wdqb",
      "font_class": "chongzhi1_wdqb",
      "unicode": "e6ba",
      "unicode_decimal": 59066
    },
    {
      "icon_id": "36882573",
      "name": "gaojihuiyuan_wdhy",
      "font_class": "gaojihuiyuan_wdhy",
      "unicode": "e6a7",
      "unicode_decimal": 59047
    },
    {
      "icon_id": "36882572",
      "name": "付款码/二维码",
      "font_class": "qrcode",
      "unicode": "e6a8",
      "unicode_decimal": 59048
    },
    {
      "icon_id": "36882571",
      "name": "kthy_wdhy",
      "font_class": "kthy_wdhy",
      "unicode": "e6a9",
      "unicode_decimal": 59049
    },
    {
      "icon_id": "36882570",
      "name": "jiantou_wdhy",
      "font_class": "jiantou_wdhy",
      "unicode": "e6aa",
      "unicode_decimal": 59050
    },
    {
      "icon_id": "36873387",
      "name": "finish_zb",
      "font_class": "finish_zb",
      "unicode": "e6a3",
      "unicode_decimal": 59043
    },
    {
      "icon_id": "36873388",
      "name": "pause_zb",
      "font_class": "pause_zb",
      "unicode": "e6a4",
      "unicode_decimal": 59044
    },
    {
      "icon_id": "36873386",
      "name": "not begun_zb",
      "font_class": "a-notbegun_zb",
      "unicode": "e6a6",
      "unicode_decimal": 59046
    },
    {
      "icon_id": "36867907",
      "name": "ask_zb",
      "font_class": "ask_zb",
      "unicode": "e6a2",
      "unicode_decimal": 59042
    },
    {
      "icon_id": "36859093",
      "name": "hot_tw",
      "font_class": "hot_tw",
      "unicode": "e698",
      "unicode_decimal": 59032
    },
    {
      "icon_id": "36859092",
      "name": "admin_tw",
      "font_class": "admin_tw",
      "unicode": "e699",
      "unicode_decimal": 59033
    },
    {
      "icon_id": "36859091",
      "name": "question_twme",
      "font_class": "question_twme",
      "unicode": "e69a",
      "unicode_decimal": 59034
    },
    {
      "icon_id": "36859090",
      "name": "ask_tw",
      "font_class": "ask_tw",
      "unicode": "e69b",
      "unicode_decimal": 59035
    },
    {
      "icon_id": "36859089",
      "name": "new_tw",
      "font_class": "new_tw",
      "unicode": "e69c",
      "unicode_decimal": 59036
    },
    {
      "icon_id": "36859088",
      "name": "question_tw",
      "font_class": "question_tw",
      "unicode": "e69d",
      "unicode_decimal": 59037
    },
    {
      "icon_id": "36859087",
      "name": "recommend_tw",
      "font_class": "recommend_tw",
      "unicode": "e6a1",
      "unicode_decimal": 59041
    },
    {
      "icon_id": "36775990",
      "name": "sign_qd",
      "font_class": "sign_qd",
      "unicode": "e694",
      "unicode_decimal": 59028
    },
    {
      "icon_id": "36775991",
      "name": "yqd_qd",
      "font_class": "yqd_qd",
      "unicode": "e695",
      "unicode_decimal": 59029
    },
    {
      "icon_id": "36775989",
      "name": "分享-正方形",
      "font_class": "share-square",
      "unicode": "e696",
      "unicode_decimal": 59030
    },
    {
      "icon_id": "36775988",
      "name": "team_qd",
      "font_class": "team_qd",
      "unicode": "e697",
      "unicode_decimal": 59031
    },
    {
      "icon_id": "36740202",
      "name": "points_jf",
      "font_class": "points_jf",
      "unicode": "e691",
      "unicode_decimal": 59025
    },
    {
      "icon_id": "36677786",
      "name": "shopping_assembly",
      "font_class": "shopping_assembly",
      "unicode": "e690",
      "unicode_decimal": 59024
    },
    {
      "icon_id": "36639788",
      "name": "collect",
      "font_class": "collect-nav-top",
      "unicode": "e68d",
      "unicode_decimal": 59021
    },
    {
      "icon_id": "36639787",
      "name": "more",
      "font_class": "more-nav-top",
      "unicode": "e68e",
      "unicode_decimal": 59022
    },
    {
      "icon_id": "36639786",
      "name": "language",
      "font_class": "language-nav-top",
      "unicode": "e68f",
      "unicode_decimal": 59023
    },
    {
      "icon_id": "36639789",
      "name": "mall",
      "font_class": "mall-nav-top",
      "unicode": "e68b",
      "unicode_decimal": 59019
    },
    {
      "icon_id": "36639790",
      "name": "message",
      "font_class": "message-nav-top",
      "unicode": "e68c",
      "unicode_decimal": 59020
    },
    {
      "icon_id": "36597902",
      "name": "give a like-tap-review",
      "font_class": "a-givealike-tap-review",
      "unicode": "e686",
      "unicode_decimal": 59014
    },
    {
      "icon_id": "36597901",
      "name": "recover",
      "font_class": "recover",
      "unicode": "e689",
      "unicode_decimal": 59017
    },
    {
      "icon_id": "36597900",
      "name": "give a like-review",
      "font_class": "a-givealike-review",
      "unicode": "e68a",
      "unicode_decimal": 59018
    },
    {
      "icon_id": "36597158",
      "name": "give a like",
      "font_class": "a-givealike",
      "unicode": "e685",
      "unicode_decimal": 59013
    },
    {
      "icon_id": "36597157",
      "name": "Share",
      "font_class": "share-dark",
      "unicode": "e687",
      "unicode_decimal": 59015
    },
    {
      "icon_id": "36597153",
      "name": "review",
      "font_class": "review",
      "unicode": "e688",
      "unicode_decimal": 59016
    },
    {
      "icon_id": "36584456",
      "name": "My blog",
      "font_class": "my-list",
      "unicode": "e682",
      "unicode_decimal": 59010
    },
    {
      "icon_id": "36584455",
      "name": "publish",
      "font_class": "publish",
      "unicode": "e683",
      "unicode_decimal": 59011
    },
    {
      "icon_id": "36576934",
      "name": "hot",
      "font_class": "hot",
      "unicode": "e681",
      "unicode_decimal": 59009
    },
    {
      "icon_id": "36563526",
      "name": "individual center",
      "font_class": "user-center-nav-top",
      "unicode": "e67d",
      "unicode_decimal": 59005
    },
    {
      "icon_id": "36563547",
      "name": "index",
      "font_class": "index",
      "unicode": "e67e",
      "unicode_decimal": 59006
    },
    {
      "icon_id": "627569",
      "name": "聚收藏",
      "font_class": "collect",
      "unicode": "e643",
      "unicode_decimal": 58947
    },
    {
      "icon_id": "201552",
      "name": "列表模式",
      "font_class": "table-list",
      "unicode": "e61a",
      "unicode_decimal": 58906
    },
    {
      "icon_id": "1069105",
      "name": "图片列表切换",
      "font_class": "table-grid",
      "unicode": "e638",
      "unicode_decimal": 58936
    },
    {
      "icon_id": "3878925",
      "name": "选中角标",
      "font_class": "subscript",
      "unicode": "e619",
      "unicode_decimal": 58905
    },
    {
      "icon_id": "6056156",
      "name": "列表",
      "font_class": "tabulation",
      "unicode": "e66f",
      "unicode_decimal": 58991
    },
    {
      "icon_id": "33987005",
      "name": "开通服务",
      "font_class": "activate-service",
      "unicode": "e62b",
      "unicode_decimal": 58923
    },
    {
      "icon_id": "201637",
      "name": "3.1 二维码",
      "font_class": "qr-code",
      "unicode": "e601",
      "unicode_decimal": 58881
    },
    {
      "icon_id": "201525",
      "name": "礼物",
      "font_class": "gift",
      "unicode": "e600",
      "unicode_decimal": 58880
    },
    {
      "icon_id": "579811",
      "name": "分享",
      "font_class": "share",
      "unicode": "e624",
      "unicode_decimal": 58916
    },
    {
      "icon_id": "905458",
      "name": "首页",
      "font_class": "home-page",
      "unicode": "e6a5",
      "unicode_decimal": 59045
    },
    {
      "icon_id": "975323",
      "name": "销售门店",
      "font_class": "store",
      "unicode": "e6b2",
      "unicode_decimal": 59058
    },
    {
      "icon_id": "1288647",
      "name": "地址",
      "font_class": "address",
      "unicode": "e614",
      "unicode_decimal": 58900
    },
    {
      "icon_id": "1969465",
      "name": "消息",
      "font_class": "message",
      "unicode": "e621",
      "unicode_decimal": 58913
    },
    {
      "icon_id": "4942660",
      "name": "时间",
      "font_class": "time",
      "unicode": "e620",
      "unicode_decimal": 58912
    },
    {
      "icon_id": "11481160",
      "name": "购物车",
      "font_class": "shopping-cart",
      "unicode": "e653",
      "unicode_decimal": 58963
    },
    {
      "icon_id": "12864190",
      "name": "秒杀",
      "font_class": "flash-killing",
      "unicode": "e69e",
      "unicode_decimal": 59038
    }
  ]
}
